{"cameraMode":{"drawMode":0,"name":"Shaded","section":"Shading Mode"},"sceneLighting":false,"audioPlay":false,"sceneViewState":{"showFog":true,"showMaterialUpdate":false,"showSkybox":false,"showFlares":true,"showImageEffects":true,"showParticleSystems":true},"in2DMode":false,"pivot":{"x":8.5,"y":-0.09757614135742188,"z":-0.047711923718452457},"rotation":{"x":-0.004920720122754574,"y":0.9898194074630737,"z":-0.13778148591518403,"w":-0.035350751131772998},"size":17.882661819458009,"orthographic":false}